<?xml version="1.0" encoding="UTF-8"?>
<!DOCTYPE configuration PUBLIC "-//mybatis.org//DTD Config 3.0//EN" "http://mybatis.org/dtd/mybatis-3-config.dtd">
<configuration>
    <settings>
        <setting name="cacheEnabled" value="false"/>
        <setting name="logImpl" value="STDOUT_LOGGING" />
        <setting name="useGeneratedKeys" value="true" />
        <setting name="useColumnLabel" value="true" />
        <setting name="mapUnderscoreToCamelCase" value="true" />
    </settings>

    <typeAliases>
        <package name="com.gs.bean"/>
    </typeAliases>

</configuration>