<?xml version="1.0" encoding="UTF-8"?>
<beans xmlns="http://www.springframework.org/schema/beans"
       xmlns:xsi="http://www.w3.org/2001/XMLSchema-instance"
       xmlns:context="http://www.springframework.org/schema/context"
       xmlns:aop="http://www.springframework.org/schema/aop" xmlns:tx="http://www.springframework.org/schema/tx"
       xsi:schemaLocation="http://www.springframework.org/schema/beans http://www.springframework.org/schema/beans/spring-beans.xsd http://www.springframework.org/schema/context http://www.springframework.org/schema/context/spring-context.xsd http://www.springframework.org/schema/aop http://www.springframework.org/schema/aop/spring-aop.xsd http://www.springframework.org/schema/tx http://www.springframework.org/schema/tx/spring-tx.xsd">

    <context:property-placeholder location="classpath:/config/jdbc.properties" ignore-unresolvable="true"/>

    <bean id="dataSource" class="com.alibaba.druid.pool.DruidDataSource">
        <property name="driverClassName" value="${jdbc.driverClassName}" />
        <property name="url" value="${jdbc.driverUrl}" />
        <property name="username" value="${jdbc.user}" />
        <property name="password" value="${jdbc.password}" />

        <property name="initialSize" value="${druid.initialSize}" />
        <property name="maxActive" value="${druid.maxActive}" />
        <property name="minIdle" value="${druid.minIdle}" />
        <property name="maxWait" value="${druid.maxWait}" />


        <property name="validationQuery" value="${druid.validationQuery}" />
        <property name="testOnBorrow" value="${druid.testOnBorrow}" />
        <property name="testOnReturn" value="${druid.testOnReturn}" />
        <property name="testWhileIdle" value="${druid.testWhileIdle}" />

        <property name="timeBetweenEvictionRunsMillis" value="${druid.timeBetweenEvictionRunsMillis}" />
        <property name="minEvictableIdleTimeMillis" value="${druid.minEvictableIdleTimeMillis}" />

        <property name="removeAbandoned" value="${druid.removeAbandoned}" />
        <property name="removeAbandonedTimeout" value="${druid.removeAbandonedTimeout}" />
        <property name="logAbandoned" value="${druid.logAbandoned}" />
        <property name="filters" value="${druid.filters}" />

    </bean>

    <bean id="sqlSessionFactory" class="org.mybatis.spring.SqlSessionFactoryBean">
        <property name="dataSource" ref="dataSource" />
        <property name="configLocation" value="classpath:/config/mybatis.xml" />
        <property name="mapperLocations" value="classpath:mapper/**/*Mapper.xml" />
    </bean>

    <bean class="org.mybatis.spring.mapper.MapperScannerConfigurer">
        <property name="basePackage" value="com.gs.dao" />
        <property name="sqlSessionFactoryBeanName" value="sqlSessionFactory" />
    </bean>

    <bean id="transactionManager"
          class="org.springframework.jdbc.datasource.DataSourceTransactionManager">
        <property name="dataSource" ref="dataSource" />
    </bean>

    <tx:advice id="txAdvice" transaction-manager="transactionManager">
        <tx:attributes>
            <tx:method name="save*" propagation="REQUIRED" rollback-for="java.lang.Exception"/>
            <tx:method name="update*" propagation="REQUIRED" rollback-for="java.lang.Exception"/>
            <tx:method name="remove*" propagation="REQUIRED" rollback-for="java.lang.Exception"/>
            <tx:method name="get*" read-only="true"/>
            <tx:method name="list*" read-only="true"/>
        </tx:attributes>
    </tx:advice>

    <aop:config>
        <aop:pointcut id="serviceMethods" expression="execution(* com.gs.service.impl.*.*(..))"/>
        <aop:advisor advice-ref="txAdvice" pointcut-ref="serviceMethods"/>
    </aop:config>

    <tx:annotation-driven transaction-manager="transactionManager"/>

</beans>