<!DOCTYPE mapper
    PUBLIC "-//mybatis.org//DTD Mapper 3.0//EN"
    "http://mybatis.org/dtd/mybatis-3-mapper.dtd">

<mapper namespace="com.gs.dao.LoginLogDAO">

	<insert id="save" parameterType="loginLog">
		<![CDATA[
			insert into t_login_log(user_id, login_time, login_ip, is_online)
			values(#{userId}, CURRENT_TIMESTAMP, #{loginIp}, 1)
		]]>
	</insert>

	<sql id="loginLogVO_pager_common">
		<if test="query != null and query.phone != null and query.phone != ''">
			and u.phone like concat('%', #{query.phone}, '%')
		</if>
		<if test="query != null and query.loginTime != null and query.loginTime != ''">
			and ll.login_time <![CDATA[<=]]> #{query.loginTime}
		</if>
	</sql>

	<select id="listPagerCriteria" resultType="com.gs.vo.LoginLogVO">
		<![CDATA[
			select u.phone, ll.id, ll.login_time, ll.is_online, ll.login_ip, ll.logout_time
			 from t_user u, t_login_log ll where u.id = ll.user_id
		]]>
		<include refid="loginLogVO_pager_common" />
		order by ll.login_time desc
		limit #{pager.beginIndex}, #{pager.pageSize}
	</select>

	<select id="countCriteria" resultType="long">
		<![CDATA[
		select count(ll.id) from t_user u, t_login_log ll
		where u.id = ll.user_id
		]]>
		<include refid="loginLogVO_pager_common" />
	</select>

	<update id="updateByUserId" parameterType="long">
		<![CDATA[
			update t_login_log set logout_time = CURRENT_TIMESTAMP,
			is_online = 0
			where user_id = #{userId} and is_online = 1
		]]>
	</update>
	 
</mapper>